%index, %time, %length (bits)
0,1442977590.43325948715209960938,1442977590.43385267257690429688,8096
0,1442977596.00595998764038085938,1442977596.0060882568359375,8096
